{"mean": [0.507110283296194, 0.49943320414252024, 0.49900275999442506, 0.5020020884131691, 0.5061295716020037, 0.501823791038517, 0.4982999564074489, 0.4978785443269593, 0.49663043898853526, 0.4964709653262145, 0.5015447406646095, 0.4990887067085421, 0.501154837134503, 0.5012401443275653, 0.5025856494654768, 0.49638564712033967, 0.499654331919456, 0.49800242678584905, 0.4921914683673593, 0.5043994981320277, 0.5040799228093418, 0.4937271949379046, 0.4945340343639318, 0.4984966425810019, 0.49828621704253473, 0.5137478098473328, 0.5018814979089433, 0.5080478052922037, 0.49792695680074284, 0.4971172832794376, 0.4953172988355119, 0.5045891566759555, 0.5012938793912445, 0.4986573377601183, 0.5008574246648086, 0.494279194736119, 0.5053633012971833, 0.5034510137042743, 0.5063285730577516, 0.4971168409310371, 0.4996990186375892, 0.5027846128729253, 0.4940810718038427, 0.4919697164681818, 0.5042697494599993, 0.505620833789546, 0.4977654969254999, 0.504651873078066, 0.49950178774459963, 0.5050351097337903, 0.49415709024347726, 0.4984636863658318, 0.4954658330869528, 0.509404637393259, 0.49891011602377583, 0.49730935875950305, 0.4934664430886474, 0.4972303267599296, 0.5024791149020035, 0.5024941386080741, 0.4943931715312061, 0.5080382928306016, 0.5099587939485271, 0.5004052263852831, 0.4978058051384295, 0.4995523781074647, 0.502809605385423, 0.5032861538476736, 0.5045410116929027, 0.5042603391380978, 0.5037912167808593, 0.499787508204731, 0.49394068325734175, 0.49953699005742247, 0.4994066780441688, 0.498696157789254, 0.4990210662230404, 0.5006087056190678, 0.5015740579853312, 0.49748218137327876, 0.49903858160947245, 0.5028109570534307, 0.502854751750993, 0.4937035582340217, 0.4964418846511788, 0.49885994771551123, 0.4974766849597583, 0.4990669961620267, 0.49817064759061747, 0.4958419877300678, 0.48873418065666113, 0.4909549494213844, 0.49712031132839646, 0.4945422314207292, 0.5013139336508452, 0.5020527232258479, 0.5016547835576833, 0.5069604914950585, 0.49735703351559146], "scale": [0.2893696314156443, 0.2895130758929424, 0.28890473737305417, 0.2891061448272896, 0.2879437678306775, 0.2870237969778933, 0.29096444584529074, 0.2890369380081352, 0.28999690271027917, 0.28833506534617487, 0.28650538524925206, 0.2863134547318145, 0.2881315096215504, 0.2887359681856613, 0.2891570214458694, 0.2892506490044144, 0.29050770656265573, 0.2926625228697807, 0.2861478505105771, 0.2883824929624238, 0.2887956804746351, 0.2856184706990743, 0.2909671260967781, 0.2904602333460952, 0.2882206009817171, 0.2868542787094028, 0.2881213692457614, 0.2883836454508452, 0.289323751556043, 0.2873714501773628, 0.288612139796295, 0.2902068626161997, 0.2853909227092515, 0.28653705067454893, 0.28751389637895547, 0.28670071970167416, 0.2856513192286406, 0.28770386852958985, 0.28759226978401364, 0.2890348350662996, 0.2868937730162578, 0.29094364411240947, 0.28683634657318385, 0.2884156297467976, 0.2884364127044152, 0.28852055394470627, 0.2894966121091303, 0.29332940311747946, 0.28947205138887644, 0.29108510581609065, 0.2874099651392142, 0.28956324312712445, 0.28671019447782137, 0.28914017912897927, 0.2901855826183752, 0.2872164603132831, 0.28659807805005577, 0.2910769769238932, 0.29059884736073793, 0.2862725798425806, 0.28460551226023173, 0.28575777128697016, 0.28804856208442425, 0.29134494576820347, 0.2876469577660636, 0.2888745466422382, 0.2906518868422048, 0.2893826508565207, 0.2859934721670928, 0.28657321565839927, 0.29275698669297956, 0.29046574201167435, 0.28822666105349387, 0.28785825713587104, 0.28903397528098135, 0.2854295802884502, 0.2846442823361318, 0.2858295361406499, 0.28882614533922585, 0.28832321205026495, 0.2896493565332854, 0.29056311585248773, 0.29240856969526813, 0.2925145301256941, 0.2920833748018489, 0.2883003296834954, 0.2914825314273955, 0.28844756324324394, 0.2888507565864493, 0.29206024999424973, 0.2873893925624555, 0.28772217132449185, 0.28798409142745257, 0.2864791819944706, 0.2877195886022448, 0.2885265608012565, 0.28764371201223365, 0.29006430661633387, 0.2897866658342335]}