{"mean": [84.86789402244932, 17.313592276763096, 74.91483921798098, 6.52175, 0.281955778508563], "scale": [20.300188339710623, 7.139625224534499, 14.468239034300577, 1.4998423042107099, 0.13000020962317702]}